img1	img2	dice	voxinmask	voxoutmask	ratio_inoutmask
sub-22_ses-01_run-01	mni152	0.9312904959389988	89.25116125395992	10.748838746040075	8.30333056087947
sub-21_ses-01_run-01	mni152	0.9235634747455264	87.76875663537696	12.231243364623035	7.175783689271886
