img1	img2	dice	voxinmask	voxoutmask	ratio_inoutmask
sub-21_ses-01_run-01	mni152	0.8614199530402153	88.0575589140521	11.942441085947909	7.373497451678046
sub-22_ses-01_run-01	mni152	0.8743340419140044	89.44671812268525	10.553281877314742	8.475725292144359
